Number of Clusters,DB Index
2,1.2400384457727713
3,1.3317960365403732
4,1.3086720042240512
5,1.2864005296534071
6,1.3059513969059788
7,1.1962594854207076
8,1.0314223390813595
9,1.0289120567655141
10,1.0651400037410679
